,country,density,abbreviation,agriculturalland,landarea,birthrate,callingcode,capital/majorcity,co2-emissions,currency-code,fertilityrate,forestedarea,gdp,grossprimaryeducationenrollment,infantmortality,largestcity,lifeexpectancy,officiallanguage,outofpockethealthexpenditure,physiciansperthousand,population,urban_population,latitude,longitude,continent,armedforcessize,cpi,cpichange,gasolineprice,grosstertiaryeducationenrollment,maternalmortalityratio,minimumwage,populationlaborforceparticipation,taxrevenue,totaltaxrate,unemploymentrate
0,Afghanistan,60.0,AF,58.1,652230.0,32.49,93.0,Kabul,8672.0,AFN,4.47,2.1,19101353833.0,104.0,47.9,Kabul,64.5,Pashto,78.4,0.28,38041754.0,9797273.0,33.93911,67.709953,Asia,323000.0,149.9,2.3,0.7,9.7,638.0,0.43,48.9,9.3,71.4,11.12
1,Albania,105.0,AL,43.1,28748.0,11.78,355.0,Tirana,4536.0,ALL,1.62,28.1,15278077447.0,107.0,7.8,Tirana,78.5,Albanian,56.9,1.2,2854191.0,1747593.0,41.153332,20.168331,Europe,9000.0,119.05,1.4,1.36,55.0,15.0,1.12,55.7,18.6,36.6,12.33
2,Algeria,18.0,DZ,17.4,2381741.0,24.28,213.0,Algiers,150006.0,DZD,3.02,0.8,169988236398.0,109.9,20.1,Algiers,76.7,Arabic,28.1,1.72,43053054.0,31510100.0,28.033886,1.659626,Africa,317000.0,151.36,2.0,0.28,51.4,112.0,0.95,41.2,37.2,66.1,11.7
3,Andorra,164.0,AD,40.0,468.0,7.2,376.0,Andorra la Vella,469.0,EUR,1.27,34.0,3154057987.0,106.4,2.7,Andorra la Vella,73.2,Catalan,36.4,3.33,77142.0,67873.0,42.506285,1.521801,Europe,22200.0,108.67199999999998,0.9199999999999999,1.51,59.58,169.0,6.63,60.31999999999999,18.240000000000002,39.480000000000004,6.781999999999999
4,Angola,26.0,AO,47.5,1246700.0,40.73,244.0,Luanda,34693.0,AOA,5.52,46.3,94635415870.0,113.5,51.6,Luanda,60.8,Portuguese,33.4,0.21,31825295.0,21061025.0,-11.202692,17.873887,Africa,117000.0,261.73,17.1,0.97,9.3,241.0,0.71,77.5,9.2,49.1,6.89
5,Antigua and Barbuda,223.0,AG,20.5,443.0,15.33,1.0,"St. John's, Saint John",557.0,XCD,1.99,22.3,1727759259.0,105.0,5.0,"St. John's, Saint John",76.9,English,24.3,2.76,97118.0,23800.0,17.060816,-61.796428,North America,0.0,113.81,1.2,0.99,24.8,42.0,3.04,57.8,16.5,43.0,10.262
6,Argentina,17.0,AR,54.3,2780400.0,17.02,54.0,Buenos Aires,201348.0,ARS,2.26,9.8,449663446954.0,109.7,8.8,Buenos Aires,76.5,Spanish,17.6,3.96,44938712.0,41339571.0,-38.416097,-63.616672,South America,105000.0,232.75,53.5,1.1,90.0,39.0,3.35,61.3,10.1,106.3,9.79
7,Armenia,104.0,AM,58.9,29743.0,13.99,374.0,Yerevan,5156.0,AMD,1.76,11.7,13672802158.0,92.7,11.0,Yerevan,74.9,Armenian,81.6,4.4,2957731.0,1869848.0,40.069099,45.038189,Asia,49000.0,129.18,1.4,0.77,54.6,26.0,0.66,55.6,20.9,22.6,16.99
8,Australia,3.0,AU,48.2,7741220.0,12.6,61.0,Canberra,375908.0,AUD,1.74,16.3,1392680589329.0,100.3,3.1,Sydney,82.7,English,19.6,3.68,25766605.0,21844756.0,-25.274398,133.775136,Oceania,58000.0,119.8,1.6,0.93,113.1,6.0,13.59,65.5,23.0,47.4,5.27
9,Austria,109.0,AT,32.4,83871.0,9.7,43.0,Vienna,61448.0,EUR,1.47,46.9,446314739528.0,103.1,2.9,Vienna,81.6,German,17.9,5.17,8877067.0,5194416.0,47.516231,14.550072,Europe,21000.0,118.06,1.5,1.2,85.1,5.0,4.954,60.7,25.4,51.4,4.67
10,Azerbaijan,123.0,AZ,57.7,86600.0,14.0,994.0,Baku,37620.0,AZN,1.73,14.1,39207000000.0,99.7,19.2,Baku,72.9,Azerbaijani language,78.6,3.45,10023318.0,5616165.0,40.143105,47.576927,Asia,82000.0,156.32,2.6,0.56,27.7,26.0,0.47,66.5,13.0,40.7,5.51
11,The Bahamas,39.0,BS,1.4,13880.0,13.97,1.0,"Nassau, Bahamas",1786.0,Unknown,1.75,51.4,12827000000.0,81.4,8.3,"Nassau, Bahamas",73.8,English,27.8,1.94,389482.0,323784.0,25.03428,-77.39628,North America,1000.0,116.22,2.5,0.92,15.1,70.0,5.25,74.6,14.8,33.8,10.36
12,Bahrain,2239.0,BH,11.1,765.0,13.99,973.0,Manama,31694.0,BHD,1.99,0.8,38574069149.0,99.4,6.1,Riffa,77.2,Arabic,25.1,0.93,1501635.0,1467109.0,26.0667,50.5577,Asia,19000.0,117.59,2.1,0.43,50.5,14.0,4.788000000000001,73.4,4.2,13.8,0.71
13,Bangladesh,1265.0,BD,70.6,148460.0,18.18,880.0,Dhaka,84246.0,BDT,2.04,11.0,302571254131.0,116.5,25.1,Dhaka,72.3,Bengali,71.8,0.58,167310838.0,60987417.0,23.684994,90.356331,Asia,221000.0,179.68,5.6,1.12,20.6,173.0,0.51,59.0,8.8,33.4,4.19
14,Barbados,668.0,BB,23.3,430.0,10.65,1.0,Bridgetown,1276.0,BBD,1.62,14.7,5209000000.0,99.4,11.3,Bridgetown,79.1,English,45.2,2.48,287025.0,89431.0,13.193887,-59.543198,North America,1000.0,134.09,4.1,1.81,65.4,27.0,3.13,65.2,27.5,35.6,10.33
15,Belarus,47.0,BY,42.0,207600.0,9.9,375.0,Minsk,58280.0,BYN,1.45,42.6,63080457023.0,100.5,2.6,Minsk,74.2,Russian,34.5,5.19,9466856.0,7482982.0,53.709807,27.953389,Europe,155000.0,111.672,5.6,0.6,87.4,2.0,1.49,64.1,14.7,53.3,4.59
16,Belgium,383.0,BE,44.6,30528.0,10.3,32.0,City of Brussels,96889.0,EUR,1.62,22.6,529606710418.0,103.9,2.9,Brussels,81.6,French,17.6,3.07,11484055.0,11259082.0,50.503887,4.469936,Europe,32000.0,117.11,1.4,1.43,79.7,5.0,10.31,53.6,24.0,55.4,5.59
17,Belize,17.0,BZ,7.0,22966.0,20.79,501.0,Belmopan,568.0,BZD,2.31,59.7,1879613600.0,111.7,11.2,Belize City,74.5,English,22.7,1.12,390353.0,179039.0,17.189877,-88.49765,North America,2000.0,105.68,-0.9,1.13,24.7,36.0,1.65,65.1,26.3,31.1,6.41
18,Benin,108.0,BJ,33.3,112622.0,36.22,229.0,Porto-Novo,6476.0,XOF,4.84,37.8,14390709095.0,122.0,60.5,Cotonou,61.5,French,40.5,0.08,11801151.0,5648149.0,9.30769,2.315834,Africa,12000.0,110.71,-0.9,0.72,12.3,397.0,0.39,70.9,10.8,48.9,2.23
19,Bhutan,20.0,BT,13.6,38394.0,17.26,975.0,Thimphu,1261.0,Unknown,1.98,72.5,2446674101.0,100.1,24.8,Thimphu,71.5,Dzongkha,19.8,0.42,727145.0,317538.0,27.514162,90.433601,Asia,6000.0,167.18,2.7,0.98,15.6,183.0,0.32,66.7,16.0,35.3,2.34
20,Bolivia,11.0,BO,34.8,1098581.0,21.75,591.0,Sucre,21606.0,BOB,2.73,50.3,40895322865.0,98.2,21.8,Santa Cruz de la Sierra,71.2,Spanish,25.9,1.59,11513100.0,8033035.0,-16.290154,-63.588653,South America,71000.0,148.32,1.8,0.71,47.82,155.0,1.36,71.8,17.0,83.7,3.5
21,Bosnia and Herzegovina,64.0,BA,43.1,51197.0,8.11,387.0,Sarajevo,21848.0,BAM,1.27,42.7,20047848435.0,102.55,5.0,Tuzla Canton,77.3,Bosnian,28.6,2.16,3301000.0,1605144.0,43.915886,17.679076,Europe,11000.0,104.9,0.6,1.05,23.3,10.0,1.04,46.4,20.4,23.7,18.42
22,Botswana,4.0,BW,45.6,581730.0,24.82,267.0,Gaborone,6340.0,BWP,2.87,18.9,18340510789.0,103.2,30.0,Gaborone,69.3,English,5.3,0.37,2346179.0,1616550.0,-22.328474,24.684866,Africa,9000.0,149.75,2.8,0.71,24.9,144.0,0.29,70.8,19.5,25.1,18.19
23,Brazil,25.0,BR,33.9,8515770.0,13.92,55.0,Bras���,462299.0,BRL,1.73,58.9,1839758040766.0,115.4,12.8,S����,75.7,Portuguese,28.3,2.15,212559417.0,183241641.0,-14.235004,-51.92528,South America,730000.0,167.4,3.7,1.02,51.3,60.0,1.53,63.9,14.2,65.1,12.08
24,Brunei,83.0,BN,2.7,5765.0,14.9,673.0,Bandar Seri Begawan,7664.0,BND,1.85,72.1,13469422941.0,103.2,9.8,Unknown,75.7,Malay,6.0,1.61,433285.0,337711.0,4.535277,114.727669,Asia,8000.0,99.03,-0.4,0.37,31.4,31.0,4.433999999999999,64.7,21.16,8.0,9.12
25,Bulgaria,64.0,BG,46.3,110879.0,8.9,359.0,Sofia,41708.0,BGN,1.56,35.4,86000000000.0,89.3,5.9,Sofia,74.9,Bulgarian,47.7,4.03,6975761.0,5256027.0,42.733883,25.48583,Europe,31000.0,114.42,3.1,1.11,71.0,10.0,1.57,55.4,20.2,28.3,4.34
26,Burkina Faso,76.0,BF,44.2,274200.0,37.93,226.0,Ouagadougou,3418.0,XOF,5.19,19.3,15745810235.0,96.1,49.0,Ouagadougou,61.2,French,36.1,0.08,20321378.0,6092349.0,12.238333,-1.561593,Africa,11000.0,106.58,-3.2,0.98,6.5,320.0,0.34,66.4,15.0,41.3,6.26
27,Burundi,463.0,BI,79.2,27830.0,39.01,257.0,Bujumbura,495.0,BIF,5.41,10.9,3012334882.0,121.4,41.0,Bujumbura,61.2,Kirundi,19.1,0.1,11530580.0,1541177.0,-3.373056,29.918886,Africa,31000.0,182.11,-0.7,1.21,6.1,548.0,4.966,79.2,13.6,41.2,1.43
28,Ivory Coast,83.0,CI,64.8,322463.0,35.74,225.0,Yamoussoukro,9674.0,XOF,4.65,32.7,58792205642.0,99.8,59.4,Abidjan,57.4,French,36.0,0.23,25716544.0,13176900.0,7.539989,-5.54708,Africa,27000.0,111.61,-0.9,0.93,9.3,617.0,0.36,57.0,11.8,50.1,3.32
29,Cape Verde,138.0,CV,19.6,4033.0,19.49,238.0,Praia,543.0,CVE,2.27,22.5,1981845741.0,104.0,16.7,Praia,72.8,Portuguese,23.2,0.77,483628.0,364029.0,16.5388,-23.0418,Africa,1000.0,110.5,1.1,1.02,23.6,58.0,0.68,60.5,20.1,37.5,12.25
30,Cambodia,95.0,KH,30.9,181035.0,22.46,855.0,Phnom Penh,9919.0,Unknown,2.5,52.9,27089389787.0,107.4,24.0,Phnom Penh,69.6,Khmer language,59.4,0.17,16486542.0,3924621.0,12.565679,104.990963,Asia,191000.0,127.63,2.5,0.9,13.7,160.0,4.446,82.3,17.1,23.1,0.68
31,Cameroon,56.0,CM,20.6,475440.0,35.39,237.0,Yaound�,8291.0,XAF,4.57,39.3,38760467033.0,103.4,50.6,Douala,58.9,French,69.7,0.09,25876380.0,14741256.0,7.369722,12.354722,Africa,24000.0,118.65,2.5,1.03,12.8,529.0,0.35,76.1,12.8,57.7,3.38
32,Canada,4.0,CA,6.9,9984670.0,10.1,1.0,Ottawa,544894.0,CAD,1.5,38.2,1736425629520.0,100.9,4.3,Toronto,81.9,French,14.6,2.61,36991981.0,30628482.0,56.130366,-106.346771,North America,72000.0,116.76,1.9,0.81,68.9,10.0,9.51,65.1,12.8,24.5,5.56
33,Central African Republic,8.0,CF,8.2,622984.0,35.35,236.0,Bangui,297.0,Unknown,4.72,35.6,2220307369.0,102.0,84.5,Bangui,52.8,French,39.6,0.06,4745185.0,1982064.0,6.611111,20.939444,Africa,8000.0,186.86,37.1,1.41,3.0,829.0,0.37,72.0,8.6,73.3,3.68
34,Chad,13.0,TD,39.7,1284000.0,42.17,235.0,N'Djamena,1016.0,XAF,5.75,3.8,11314951343.0,86.8,71.4,N'Djamena,54.0,French,56.4,0.04,15946876.0,3712273.0,15.454166,18.732207,Africa,35000.0,117.7,-1.0,0.78,3.3,1140.0,0.6,70.7,19.560000000000002,63.5,1.89
35,Chile,26.0,CL,21.2,756096.0,12.43,56.0,Santiago,85822.0,CLP,1.65,24.3,282318159745.0,101.4,6.2,Santiago,80.0,Spanish,32.2,2.59,18952038.0,16610135.0,-35.675147,-71.542969,South America,122000.0,131.91,2.6,1.03,88.5,13.0,2.0,62.6,18.2,34.0,7.09
36,China,153.0,CN,56.2,9596960.0,10.9,86.0,Beijing,9893038.0,CNY,1.69,22.4,19910000000000.0,100.2,7.4,Shanghai,77.0,Standard Chinese,32.4,1.98,1397715000.0,842933962.0,35.86166,104.195397,Asia,2695000.0,125.08,2.9,0.96,50.6,29.0,0.87,68.0,9.4,59.2,4.32
37,Colombia,46.0,CO,40.3,1138910.0,14.88,57.0,Bogot�,97814.0,COP,1.81,52.7,323802808108.0,114.5,12.2,Bogot�,77.1,Spanish,18.3,2.18,50339443.0,40827302.0,4.570868,-74.297333,South America,481000.0,140.95,3.5,0.68,55.3,83.0,1.23,68.8,14.4,71.2,9.71
38,Comoros,467.0,KM,71.5,2235.0,31.88,269.0,"Moroni, Comoros",202.0,KMF,4.21,19.7,1185728677.0,99.5,51.3,"Moroni, Comoros",64.1,French,74.8,0.27,850886.0,248152.0,-11.6455,43.3333,Africa,10200.0,103.62,-4.3,1.3099999999999998,9.0,273.0,0.71,43.3,13.779999999999998,219.6,4.34
39,Republic of the Congo,16.0,Unknown,31.1,342000.0,32.86,242.0,Brazzaville,3282.0,XAF,4.43,65.4,10820591131.0,106.6,36.2,Brazzaville,64.3,French,43.8,0.12,5380508.0,3625010.0,-0.228021,15.827659,Africa,12000.0,124.74,2.2,0.97,12.7,378.0,0.88,69.4,9.0,54.3,9.47
40,Costa Rica,100.0,CR,34.5,51100.0,13.97,506.0,San Jos������,8023.0,CRC,1.75,54.6,61773944174.0,113.3,7.6,San Jos������,80.1,Spanish,21.5,2.89,5047561.0,4041885.0,9.748917,-83.753428,North America,10000.0,128.85,2.1,0.98,55.2,27.0,1.84,62.1,13.6,58.3,11.85
41,Croatia,73.0,HR,27.6,56594.0,9.0,385.0,Zagreb,17488.0,HRK,1.47,34.4,60415553039.0,96.5,4.0,Zagreb,78.1,Croatian,15.2,3.0,4067500.0,2328318.0,45.1,15.2,Europe,18000.0,109.82,0.8,1.26,67.9,8.0,2.92,51.2,22.0,20.5,6.93
42,Cuba,106.0,CU,59.9,110860.0,10.17,53.0,Havana,28284.0,CUP,1.62,31.3,100023000000.0,101.9,3.7,Havana,78.7,Spanish,30.7,8.42,11333483.0,8739135.0,21.521757,-77.781167,North America,76000.0,115.424,2.6,1.4,41.4,36.0,0.05,53.6,21.619999999999997,43.92,1.64
43,Cyprus,131.0,CY,12.2,9251.0,10.46,357.0,Nicosia,6626.0,EUR,1.33,18.7,24564647935.0,99.3,1.9,Statos�������,80.8,Greek,43.9,1.95,1198575.0,800708.0,35.126413,33.429859,Europe,16000.0,102.51,0.3,1.23,75.9,6.0,5.558,63.1,24.5,22.4,7.27
44,Czech Republic,139.0,CZ,45.2,78867.0,10.7,420.0,Prague,102218.0,CZK,1.69,34.6,246489245495.0,100.7,2.7,Prague,79.0,Czech,14.8,4.12,10669709.0,7887156.0,49.817492,15.472962,Europe,23000.0,116.48,2.8,1.17,64.1,3.0,3.0,60.6,14.9,46.1,1.93
45,Democratic Republic of the Congo,40.0,CD,11.6,2344858.0,41.18,243.0,Kinshasa,2021.0,CDF,5.92,67.2,47319624204.0,108.0,68.2,Kinshasa,60.4,French,37.4,0.07,86790567.0,39095679.0,-4.038333,21.758664,Africa,134000.0,133.85,2.9,1.49,6.6,473.0,0.18,63.5,10.7,50.7,4.24
46,Denmark,137.0,DK,62.0,43094.0,10.6,45.0,Copenhagen,31786.0,DKK,1.73,14.7,348078018464.0,101.3,3.6,Copenhagen,81.0,Danish,13.7,4.01,5818553.0,5119978.0,56.26392,9.501785,Europe,15000.0,110.35,0.8,1.55,80.6,4.0,5.0920000000000005,62.2,32.4,23.8,4.91
47,Djibouti,43.0,DJ,73.4,23200.0,21.47,253.0,Djibouti City,620.0,DJF,2.73,0.2,3318716359.0,75.3,49.8,Djibouti City,66.6,French,20.4,0.22,973560.0,758549.0,11.825138,42.590275,Africa,13000.0,120.25,3.3,1.32,5.3,248.0,4.966,60.2,19.560000000000002,37.9,10.3
48,Dominica,96.0,DM,33.3,751.0,12.0,1.0,Roseau,180.0,XCD,1.9,57.4,596033333.0,114.7,32.9,Roseau,76.6,English,28.4,1.08,71808.0,50830.0,15.414999,-61.370976,North America,35000.0,103.87,1.0,0.9879999999999999,7.2,140.6,1.48,69.23999999999998,22.1,32.6,8.35
49,Dominican Republic,225.0,DO,48.7,48670.0,19.51,1.0,Santo Domingo,25258.0,DOP,2.35,41.7,88941298258.0,105.7,24.1,Santo Domingo,73.9,Spanish,43.7,1.56,10738958.0,8787475.0,18.735693,-70.162651,North America,71000.0,135.5,1.8,1.07,59.9,95.0,0.4,64.3,13.0,48.8,5.84
50,Ecuador,71.0,EC,22.2,283561.0,19.72,593.0,Quito,41155.0,USD,2.43,50.2,107435665000.0,103.3,12.2,Quito,76.8,Spanish,43.7,2.04,17373662.0,11116711.0,-1.831239,-78.183406,South America,41000.0,124.14,0.3,0.61,44.9,59.0,2.46,68.0,21.82,34.4,3.97
51,Egypt,103.0,EG,3.8,1001450.0,26.38,20.0,Cairo,238560.0,EGP,3.33,0.1,303175127598.0,106.3,18.1,Cairo,71.8,Modern Standard Arabic,62.0,0.45,100388073.0,42895824.0,26.820553,30.802498,Africa,836000.0,288.57,9.2,0.4,35.2,37.0,4.537999999999999,46.4,12.5,44.4,10.76
52,El Salvador,313.0,SV,76.4,21041.0,18.25,503.0,San Salvador,7169.0,Unknown,2.04,12.6,27022640000.0,94.8,11.8,San Salvador,73.1,Spanish,27.9,1.57,6453553.0,4694702.0,13.794185,-88.89653,North America,42000.0,111.23,0.1,0.83,29.4,46.0,0.5,59.1,18.1,36.4,4.11
53,Equatorial Guinea,50.0,GQ,10.1,28051.0,33.24,240.0,Malabo,5655.0,XAF,4.51,55.5,11026774945.0,61.8,62.6,Malabo,58.4,Spanish,72.0,0.4,1355986.0,984812.0,1.650801,10.267895,Africa,1000.0,124.35,1.2,1.5979999999999999,1.9,301.0,1.05,62.0,6.1,79.4,6.43
54,Eritrea,35.0,ER,75.2,117600.0,30.3,291.0,Asmara,711.0,ERN,4.06,14.9,2065001626.0,68.4,31.3,Asmara,65.9,Tigrinya,52.4,0.06,6333135.0,1149670.0,15.179384,39.782334,Africa,202000.0,108.172,-0.4,2.0,3.4,480.0,4.966,78.4,19.560000000000002,83.7,5.14
55,Estonia,31.0,EE,23.1,45228.0,10.9,372.0,Tallinn,16590.0,EUR,1.59,51.3,31386949981.0,97.2,2.1,Tallinn,78.2,Estonian,22.8,4.48,1331824.0,916024.0,58.595272,25.013607,Europe,6000.0,122.14,2.3,1.14,69.6,9.0,3.14,63.6,20.9,47.8,5.11
56,Eswatini,67.0,Unknown,39.6,17364.0,17.95,268.0,Mbabane,12303.0,Unknown,2.245,32.0,3791304348.0,102.55,14.0,Mbabane,73.2,English,11.3,1.46,1093238.0,4678103.5,-26.522503,31.465866,Africa,27200.0,130.166,2.6399999999999997,1.262,51.94,52.6,5.880000000000001,67.9,28.6,36.1,9.928
57,Ethiopia,115.0,ET,36.3,1104300.0,32.34,251.0,Addis Ababa,14870.0,ETB,4.25,12.5,96107662398.0,101.0,39.1,Addis Ababa,66.2,Amharic,37.8,0.08,112078730.0,23788710.0,9.145,40.489673,Africa,138000.0,143.86,15.8,0.75,8.1,401.0,4.966,79.6,7.5,37.7,2.08
58,Fiji,49.0,FJ,23.3,18274.0,21.28,679.0,Suva,2046.0,FJD,2.77,55.9,5535548972.0,106.4,21.6,Suva,67.3,Fiji Hindi,21.4,0.84,889953.0,505048.0,-17.713371,178.065032,Oceania,4000.0,132.3,1.8,0.82,16.1,34.0,1.28,57.6,24.2,32.1,4.1
59,Finland,18.0,FI,7.5,338145.0,8.6,358.0,Helsinki,45871.0,EUR,1.41,73.1,268761201365.0,100.2,1.4,Helsinki,81.7,Swedish,19.9,3.81,5520314.0,4716888.0,61.92411,25.748151,Europe,25000.0,112.33,1.0,1.45,88.2,3.0,5.1259999999999994,59.1,20.8,36.6,6.59
60,France,119.0,FR,52.4,643801.0,11.3,33.0,Paris,303276.0,EUR,1.88,31.2,2715518274227.0,102.5,3.4,Paris,82.5,French,6.8,3.27,67059887.0,54123364.0,46.227638,2.213749,Europe,307000.0,110.05,1.1,1.39,65.6,8.0,11.16,55.1,24.2,60.7,8.43
61,Gabon,9.0,GA,20.0,267667.0,31.61,241.0,Libreville,5321.0,XAF,3.97,90.0,16657960228.0,139.9,32.7,Libreville,66.2,French,25.9,0.68,2172579.0,1949694.0,-0.803689,11.609444,Africa,7000.0,122.19,2.1,0.92,8.3,252.0,1.46,52.9,10.2,47.1,20.0
62,The Gambia,239.0,GM,59.8,11300.0,38.54,220.0,Banjul,532.0,GMD,5.22,48.4,1763819048.0,98.0,39.0,Serekunda,61.7,English,20.3,0.1,2347706.0,1453958.0,13.443182,-15.310139,Africa,1000.0,172.73,7.1,1.18,2.7,597.0,0.13,59.4,9.4,48.4,9.06
63,Georgia,57.0,GE,34.5,69700.0,13.47,995.0,Tbilisi,10128.0,GEL,2.06,40.6,17743195770.0,98.6,8.7,Tbilisi,73.6,Georgian,57.3,7.12,3720382.0,2196476.0,42.315407,43.356892,Asia,26000.0,133.61,4.9,0.76,63.9,25.0,0.05,68.3,21.7,9.9,14.4
64,Germany,240.0,DE,47.7,357022.0,9.5,49.0,Berlin,727973.0,EUR,1.56,32.7,3845630030824.0,104.0,3.1,Berlin,80.9,German,12.5,4.25,83132799.0,64324835.0,51.165691,10.451526,Europe,180000.0,112.85,1.4,1.39,70.2,7.0,9.99,60.8,11.5,48.8,3.04
65,Ghana,137.0,GH,69.0,238533.0,29.41,233.0,Accra,16670.0,GHS,3.87,41.2,66983634224.0,104.8,34.9,Accra,63.8,English,36.1,0.14,30792608.0,17249054.0,7.946527,-1.023194,Africa,16000.0,268.36,7.2,0.92,15.7,308.0,0.27,67.8,12.6,55.4,4.33
66,Greece,81.0,GR,47.6,131957.0,8.1,30.0,Athens,62434.0,EUR,1.35,31.7,209852761469.0,99.6,3.6,Macedonia,81.3,Greek,35.5,5.48,10716322.0,8507474.0,39.074208,21.824312,Europe,146000.0,101.87,0.2,1.54,136.6,3.0,4.46,51.8,26.2,51.9,17.24
67,Grenada,331.0,GD,23.5,349.0,16.47,1.0,"St. George's, Grenada",268.0,XCD,2.06,50.0,1228170370.0,106.9,13.7,"St. George's, Grenada",72.4,English,57.0,1.41,112003.0,40765.0,12.1165,-61.679,North America,450600.0,107.43,0.8,1.12,104.6,25.0,6.194,61.879999999999995,19.4,47.8,8.92
68,Guatemala,167.0,GT,36.0,108889.0,24.56,502.0,Guatemala City,16777.0,GTQ,2.87,32.7,76710385880.0,101.9,22.1,Guatemala City,74.1,Spanish,55.8,0.35,16604026.0,8540945.0,15.783471,-90.230759,North America,43000.0,142.92,3.7,0.79,21.8,95.0,1.6,62.3,10.6,35.2,2.46
69,Guinea,53.0,GN,59.0,245857.0,36.36,224.0,Conakry,2996.0,GNF,4.7,25.8,13590281809.0,91.5,64.9,Kankan,61.2,French,54.5,0.08,12771246.0,4661505.0,9.945587,-9.696645,Africa,13000.0,262.95,9.5,0.9,11.6,576.0,4.965999999999999,61.5,10.8,69.3,4.3
70,Guinea-Bissau,70.0,GW,58.0,36125.0,35.13,245.0,Bissau,293.0,XOF,4.48,69.8,1340389411.0,118.7,54.0,Bissau,58.0,Portuguese,37.2,0.13,1920922.0,840922.0,11.803749,-15.180413,Africa,4000.0,111.65,1.4,1.6099999999999999,2.6,667.0,0.16,72.0,10.3,45.5,2.47
71,Guyana,4.0,GY,8.6,214969.0,19.97,592.0,"Georgetown, Guyana",2384.0,GYD,2.46,83.9,4280443645.0,97.8,25.1,"Georgetown, Guyana",69.8,English,40.5,0.8,782766.0,208912.0,4.860416,-58.93018,South America,3000.0,116.19,2.1,0.9,11.6,169.0,0.98,56.2,21.14,30.6,11.85
72,Haiti,414.0,HT,66.8,27750.0,24.35,509.0,Port-au-Prince,2978.0,HTG,2.94,3.5,8498981821.0,113.6,49.5,Port-au-Prince,63.7,French,36.3,0.23,11263077.0,6328948.0,18.971187,-72.285215,North America,0.0,179.29,12.5,0.81,1.1,480.0,0.25,67.2,19.560000000000002,42.7,13.78
73,Vatican City,2003.0,Unknown,39.6,0.0,17.95,379.0,Vatican City,12303.0,EUR,2.245,32.0,34387229486.0,102.55,14.0,Unknown,73.2,Italian,30.7,1.46,836.0,4678103.5,41.902916,12.453389,Europe,159274.85380116958,190.46095505617978,6.722346368715083,1.002457142857143,37.96338797814208,160.39226519337018,2.1941333333333333,62.73806818181818,16.57396449704142,40.822404371584696,6.886363636363637
74,Honduras,89.0,HN,28.9,112090.0,21.6,504.0,Tegucigalpa,9813.0,HNL,2.46,40.0,25095395475.0,91.5,15.1,Tegucigalpa,75.1,Spanish,49.1,0.31,9746117.0,5626433.0,15.199999,-86.241905,North America,23000.0,150.34,4.4,0.98,26.2,65.0,1.01,68.8,17.3,39.1,5.39
75,Hungary,107.0,HU,58.4,93028.0,9.6,36.0,Budapest,45537.0,HUF,1.54,22.9,160967157504.0,100.8,3.6,Budapest,75.8,Hungarian,29.0,3.41,9769949.0,6999582.0,47.162494,19.503304,Europe,40000.0,121.64,3.3,1.18,48.5,12.0,2.62,56.5,23.0,37.9,3.4
76,Iceland,3.0,IS,18.7,103000.0,12.0,354.0,Reykjav��,2065.0,ISK,1.71,0.5,24188035739.0,100.4,1.5,Reykjav��,82.7,Icelandic,17.0,4.08,361313.0,339110.0,64.963051,-19.020835,Europe,0.0,129.0,3.0,1.69,71.8,4.0,5.544,75.0,23.3,31.9,2.84
77,India,464.0,IN,60.4,3287263.0,17.86,91.0,New Delhi,2407672.0,INR,2.22,23.8,2611000000000.0,113.0,29.9,Kurebhar,69.4,Hindi,65.1,0.86,1366417754.0,471031528.0,20.593684,78.96288,Asia,3031000.0,180.44,7.7,0.97,28.1,145.0,0.3,49.3,11.2,49.7,5.36
78,Indonesia,151.0,ID,31.5,1904569.0,18.07,62.0,Jakarta,563325.0,IDR,2.31,49.9,1119190780753.0,106.4,21.1,Kalimantan,71.5,Indonesian,48.3,0.43,270203917.0,151509724.0,-0.789275,113.921327,Asia,676000.0,151.18,3.0,0.63,36.3,177.0,0.48,67.5,10.2,30.1,4.69
79,Iran,52.0,IR,28.2,1648195.0,18.78,98.0,Tehran,661710.0,IRR,2.14,6.6,445345282123.0,110.7,12.4,Tehran,76.5,Persian,39.7,1.58,82913906.0,62509623.0,32.427908,53.688046,Asia,563000.0,550.93,39.9,0.4,68.1,16.0,1.58,44.7,7.4,44.7,11.38
80,Iraq,93.0,IQ,21.4,438317.0,29.08,964.0,Baghdad,190061.0,IQD,3.67,1.9,234094042939.0,108.7,22.5,Baghdad,70.5,Arabic,76.5,0.71,39309783.0,27783368.0,33.223191,43.679291,Asia,209000.0,119.86,0.4,0.61,16.2,79.0,1.24,43.0,2.0,30.8,12.82
81,Republic of Ireland,72.0,Unknown,64.5,70273.0,12.5,353.0,Dublin,37711.0,EUR,1.75,11.0,388698711348.0,100.9,3.1,Connacht,82.3,Irish,15.2,3.31,5007069.0,3133123.0,53.41291,-8.24389,Europe,9000.0,106.58,0.9,1.37,77.8,5.0,10.79,62.1,18.3,26.1,4.93
82,Israel,400.0,IL,24.6,20770.0,20.8,972.0,Jerusalem,65166.0,ILS,3.09,7.7,395098666122.0,104.9,3.0,Jerusalem,82.8,Hebrew,24.4,4.62,9053300.0,8374393.0,31.046051,34.851612,Asia,178000.0,108.15,0.8,1.57,63.4,3.0,7.58,64.0,23.1,25.3,3.86
83,Italy,206.0,IT,43.2,301340.0,7.3,39.0,Rome,320411.0,EUR,1.29,31.8,2001244392042.0,101.9,2.6,Rome,82.9,Italian,22.8,3.98,60297396.0,42651966.0,41.87194,12.56738,Europe,347000.0,110.62,0.6,1.61,61.9,2.0,5.336,49.6,24.3,59.1,9.89
84,Jamaica,273.0,JM,41.0,10991.0,16.1,1876.0,"Kingston, Jamaica",8225.0,JMD,1.98,30.9,16458071068.0,91.0,12.4,"Kingston, Jamaica",74.4,Jamaican English,23.7,1.31,2948279.0,1650594.0,18.109581,-77.297508,North America,4000.0,162.47,3.9,1.11,27.1,80.0,1.33,66.0,26.8,35.1,8.0
85,Japan,347.0,JP,12.3,377944.0,7.4,81.0,Tokyo,1135886.0,Unknown,1.42,68.5,5081769542380.0,98.8,1.8,Tokyo,84.2,English,13.1,2.41,126226568.0,115782416.0,36.204824,138.252924,Asia,261000.0,105.48,0.5,1.06,63.2,5.0,6.77,61.7,11.9,46.7,2.29
86,Jordan,115.0,JO,12.0,89342.0,21.98,962.0,Amman,25108.0,JOD,2.76,1.1,43743661972.0,81.5,13.9,Amman,74.4,Arabic,25.1,2.32,10101694.0,9213048.0,30.585164,36.238414,Asia,116000.0,125.6,0.8,1.1,34.4,46.0,1.49,39.3,15.1,28.6,14.72
87,Kazakhstan,7.0,KZ,80.4,2724900.0,21.77,7.0,Astana,247207.0,KZT,2.84,1.2,180161741180.0,104.4,8.8,Almaty,73.2,Russian,38.8,3.25,18513930.0,10652915.0,48.019573,66.923684,Asia,71000.0,182.75,5.2,0.42,61.7,10.0,0.41,68.8,11.7,28.4,4.59
88,Kenya,94.0,KE,48.5,580367.0,28.75,254.0,Nairobi,17910.0,KES,3.49,7.8,95503088538.0,103.2,30.6,Nairobi,66.3,Swahili,33.4,0.16,52573973.0,14461523.0,-0.023559,37.906193,Africa,29000.0,180.51,4.7,0.95,11.5,342.0,0.25,74.7,15.1,37.2,2.64
89,Kiribati,147.0,KI,42.0,811.0,27.89,686.0,South Tarawa,66.0,AUD,3.57,15.0,194647202.0,101.3,41.2,South Tarawa,68.1,English,0.2,0.2,117606.0,64489.0,1.8368976,-157.3768317,Oceania,416600.0,99.55,0.6,1.106,39.8,92.0,2.564,66.66,22.0,32.7,12.341999999999999
90,Kuwait,240.0,KW,8.4,17818.0,13.94,965.0,Kuwait City,98734.0,KWD,2.08,0.4,134761198946.0,92.4,6.7,Kuwait City,75.4,Modern Standard Arabic,14.4,2.58,4207083.0,4207083.0,29.31166,47.481766,Asia,25000.0,126.6,1.1,0.35,54.4,12.0,0.95,73.5,1.4,13.0,2.18
91,Kyrgyzstan,34.0,KG,55.0,199951.0,27.1,996.0,Bishkek,9787.0,KGS,3.3,3.3,8454619608.0,107.6,16.9,Bishkek,71.4,Russian,48.2,1.88,6456900.0,2362644.0,41.20438,74.766098,Asia,21000.0,155.68,1.1,0.56,41.3,60.0,0.09,59.8,18.0,29.0,6.33
92,Laos,32.0,LA,10.3,236800.0,23.55,856.0,Vientiane,17763.0,LAK,2.67,82.1,18173839128.0,102.4,37.6,Vientiane,67.6,Lao,45.4,0.37,7169455.0,2555552.0,19.85627,102.495496,Asia,129000.0,135.87,3.3,0.93,15.0,185.0,0.83,78.5,12.9,24.1,0.63
93,Latvia,30.0,LV,31.1,64589.0,10.0,371.0,Riga,7004.0,EUR,1.6,54.0,34117202555.0,99.4,3.3,Riga,74.7,Latvian,41.6,3.19,1912789.0,1304943.0,56.879635,24.603189,Europe,6000.0,116.86,2.8,1.16,88.1,19.0,2.8,61.4,22.9,38.1,6.52
94,Lebanon,667.0,LB,64.3,10400.0,17.55,961.0,Beirut,24796.0,LBP,2.09,13.4,53367042272.0,95.1,6.4,"Tripoli, Lebanon",78.9,Arabic,32.1,2.1,6855713.0,6084994.0,33.854721,35.862285,Asia,80000.0,130.02,3.0,0.74,26.3,29.0,2.15,47.0,15.3,32.2,6.23
95,Lesotho,71.0,LS,77.6,30355.0,26.81,266.0,Maseru,2512.0,Unknown,3.14,1.6,2460072444.0,120.9,65.7,Maseru,53.7,English,16.9,0.07,2125268.0,607508.0,-29.609988,28.233608,Africa,2000.0,155.86,5.2,0.7,10.2,544.0,0.41,67.9,31.6,13.6,23.41
96,Liberia,53.0,LR,28.0,111369.0,33.04,231.0,Monrovia,1386.0,Unknown,4.32,43.1,3070518100.0,85.1,53.5,Monrovia,63.7,English,19.6,0.04,4937374.0,2548426.0,6.428055,-9.429499,Africa,2000.0,223.13,23.6,0.8,11.9,661.0,0.17,76.3,12.9,46.2,2.81
97,Libya,4.0,LY,8.7,1759540.0,18.83,218.0,Unknown,50564.0,LYD,2.24,0.1,52076250948.0,109.0,10.2,Unknown,72.7,Arabic,36.7,2.09,6777452.0,5448597.0,26.3351,17.228331,Africa,0.0,125.71,2.6,0.11,60.5,72.0,1.88,49.7,20.1,32.6,18.56
98,Liechtenstein,238.0,LI,32.2,160.0,9.9,423.0,Vaduz,51.0,CHF,1.44,43.1,6552858739.0,104.7,14.0,Schaan,83.0,German,30.7,1.46,38019.0,5464.0,47.1410392,9.520935,Europe,61000.0,126.94800000000001,0.4800000000000001,1.74,35.6,33.0,4.622000000000001,61.14,9.4,21.6,5.61
99,Lithuania,43.0,LT,47.2,65300.0,10.0,370.0,Vilnius,12963.0,EUR,1.63,34.8,54219315600.0,103.9,3.3,Vilnius,75.7,Lithuanian,32.1,6.35,2786844.0,1891013.0,55.169438,23.881275,Europe,34000.0,118.38,2.3,1.16,72.4,8.0,2.41,61.6,16.9,42.6,6.35
100,Luxembourg,242.0,LU,53.7,2586.0,10.3,352.0,Luxembourg City,8988.0,EUR,1.37,35.7,71104919108.0,102.3,1.9,Luxembourg City,82.1,Luxembourgish,10.6,3.01,645397.0,565488.0,49.815273,6.129583,Europe,2000.0,115.09,1.7,1.19,19.2,5.0,13.05,59.3,26.5,20.4,5.36
101,Madagascar,48.0,MG,71.2,587041.0,32.66,261.0,Antananarivo,3905.0,MGA,4.08,21.4,14083906357.0,142.5,38.2,Antananarivo,66.7,French,21.7,0.18,26969307.0,10210849.0,-18.766947,46.869107,Africa,22000.0,184.33,5.6,1.11,5.4,335.0,0.21,86.1,10.2,38.3,1.76
102,Malawi,203.0,MW,61.4,118484.0,34.12,265.0,Lilongwe,1298.0,MWK,4.21,33.2,7666704427.0,142.5,35.3,Lilongwe,63.8,English,11.0,0.04,18628747.0,3199301.0,-13.254308,34.301525,Africa,15000.0,418.34,9.4,1.15,0.8,349.0,0.12,76.7,17.3,34.5,5.65
103,Malaysia,99.0,MY,26.3,329847.0,16.75,60.0,Kuala Lumpur,248289.0,MYR,2.0,67.6,364701517788.0,105.3,6.7,Johor Bahru,76.0,Malaysian language,36.7,1.51,32447385.0,24475766.0,4.210484,101.975766,Asia,136000.0,121.46,0.7,0.45,45.1,29.0,0.93,64.3,12.0,38.7,3.32
104,Maldives,1802.0,MV,26.3,298.0,14.2,960.0,Mal�,1445.0,Unknown,1.87,3.3,5729248472.0,97.1,7.4,Mal�,78.6,Divehi,16.4,4.56,530953.0,213645.0,3.202778,73.22068,Asia,5000.0,99.7,0.2,1.63,31.2,53.0,4.354000000000001,69.8,19.5,30.2,6.14
105,Mali,17.0,ML,33.8,1240192.0,41.54,223.0,Bamako,3179.0,XOF,5.88,3.8,17510141171.0,75.6,62.0,Bamako,58.9,French,46.3,0.13,19658031.0,8479688.0,17.570692,-3.996166,Africa,18000.0,108.73,-1.7,1.12,4.5,562.0,0.23,70.8,11.6,54.5,7.22
106,Malta,1380.0,MT,32.4,316.0,9.2,356.0,Valletta,1342.0,EUR,1.23,1.1,14786156563.0,105.0,6.1,Birkirkara,82.3,Maltese,37.1,2.86,502653.0,475902.0,35.937496,14.375416,Europe,2000.0,113.45,1.6,1.36,54.3,6.0,5.07,56.5,26.2,44.0,3.47
107,Marshall Islands,329.0,MH,63.9,181.0,29.03,692.0,Majuro,143.0,USD,4.05,70.2,221278000.0,84.7,27.4,Majuro,65.2,Marshallese,10.0,0.42,58791.0,45514.0,7.131474,171.184478,Oceania,372600.0,178.10600000000002,5.76,1.44,23.7,56.6,2.0,57.760000000000005,17.8,65.9,8.164000000000001
108,Mauritania,5.0,MR,38.5,1030700.0,33.69,222.0,Nouakchott,2739.0,MRU,4.56,0.2,7593752450.0,99.9,51.5,Nouakchott,64.7,Arabic,48.2,0.19,4525696.0,2466821.0,21.00789,-10.940835,Africa,21000.0,135.02,2.3,1.13,5.0,766.0,0.53,45.9,19.560000000000002,67.0,9.55
109,Mauritius,626.0,MU,42.4,2040.0,10.2,230.0,Port Louis,4349.0,MUR,1.41,19.0,14180444557.0,101.1,13.6,Port Louis,74.4,French,50.7,2.53,1265711.0,515980.0,-20.348404,57.552152,Africa,3000.0,129.91,0.4,1.12,40.6,61.0,0.38,58.3,19.1,22.2,6.67
110,Mexico,66.0,MX,54.6,1964375.0,17.6,52.0,Mexico City,486406.0,MXN,2.13,33.9,1258286717125.0,105.8,11.0,Mexico City,75.0,English,41.4,2.38,126014024.0,102626859.0,23.634501,-102.552784,North America,336000.0,141.54,3.6,0.73,40.2,33.0,0.49,60.7,13.1,55.1,3.42
111,Federated States of Micronesia,784.0,FM,31.4,702.0,22.82,691.0,Palikir,143.0,USD,3.05,91.9,401932279.0,97.2,25.6,Palikir,67.8,English,2.5,0.18,113815.0,25963.0,7.425554,150.550812,Oceania,385200.0,112.1,0.5,0.9899999999999999,14.1,88.0,2.298,65.34,25.2,60.5,10.65
112,Moldova,123.0,MD,74.2,33851.0,10.1,373.0,Chi����,5115.0,MDL,1.26,12.6,11955435457.0,90.6,13.6,Chi����,71.8,Romanian,46.2,3.21,2657637.0,1135502.0,47.411631,28.369885,Europe,7000.0,166.2,4.8,0.8,39.8,19.0,0.31,43.1,17.7,38.7,5.47
113,Monaco,26337.0,MC,39.6,2.0,5.9,377.0,Monaco City,12303.0,EUR,2.245,32.0,7184844193.0,102.55,2.6,Monaco City,73.2,French,6.1,6.56,38964.0,38964.0,43.7384176,7.4246158,Europe,115400.0,113.98799999999999,1.36,2.0,44.8,108.2,11.72,67.32000000000001,24.68,40.72,5.4719999999999995
114,Mongolia,2.0,MN,71.5,1564116.0,24.13,976.0,Ulaanbaatar,25368.0,MNT,2.9,8.0,13852850259.0,104.0,14.0,Ulaanbaatar,69.7,Mongolian,39.3,2.86,3225167.0,2210626.0,46.862496,103.846656,Asia,18000.0,195.76,7.3,0.72,65.6,45.0,0.65,59.7,16.8,25.7,6.01
115,Montenegro,47.0,ME,19.0,13812.0,11.73,382.0,Podgorica,2017.0,EUR,1.75,61.5,5494736901.0,100.0,2.3,Podgorica,76.8,Montenegrin language,31.8,2.76,622137.0,417765.0,42.708678,19.37439,Europe,12000.0,116.32,2.6,1.16,56.1,6.0,1.23,54.4,20.72,22.2,14.88
116,Morocco,83.0,MA,68.5,446550.0,18.94,212.0,Rabat,61276.0,MAD,2.42,12.6,118725279596.0,113.9,19.2,Casablanca,76.5,Arabic,53.1,0.73,36910560.0,22975026.0,31.791702,-7.09262,Africa,246000.0,111.07,0.2,0.99,35.9,70.0,1.6,45.3,21.9,45.8,9.02
117,Mozambique,40.0,MZ,63.5,799380.0,37.52,258.0,Maputo,7943.0,MZN,4.85,48.0,14934159926.0,112.6,54.0,Maputo,60.2,Portuguese,6.8,0.08,30366036.0,11092106.0,-18.665695,35.529562,Africa,11000.0,182.31,2.8,0.65,7.3,289.0,0.27,78.1,0.0,36.1,3.24
118,Myanmar,83.0,MM,19.5,676578.0,17.55,95.0,Naypyidaw,25280.0,MMK,2.15,43.6,76085852617.0,112.3,36.8,Yangon,66.9,Burmese,73.9,0.68,54045420.0,16674093.0,21.916221,95.955974,Asia,513000.0,168.18,8.8,0.54,18.8,250.0,0.39,61.7,5.4,31.2,1.58
119,Namibia,3.0,Unknown,47.1,824292.0,28.64,264.0,Windhoek,4228.0,Unknown,3.4,8.3,12366527719.0,124.2,29.0,Windhoek,63.4,English,8.3,0.42,2494530.0,1273258.0,-22.95764,18.49041,Africa,16000.0,157.97,3.7,0.76,22.9,195.0,4.414,59.5,27.1,20.7,20.27
120,Nauru,541.0,NR,39.6,21.0,17.95,674.0,Yaren District,12303.0,AUD,2.245,32.0,133000000.0,102.55,14.0,Unknown,73.2,English,30.7,1.46,10084.0,4678103.5,-0.522778,166.931503,Oceania,159274.85380116958,190.46095505617978,6.722346368715083,1.002457142857143,37.96338797814208,160.39226519337018,2.1941333333333333,62.73806818181818,16.57396449704142,40.822404371584696,6.886363636363637
121,Nepal,203.0,NP,28.7,147181.0,19.89,977.0,Kathmandu,9105.0,NPR,1.92,25.4,30641380604.0,142.1,26.7,Kathmandu,70.5,Nepali,60.4,0.75,28608710.0,5765513.0,28.394857,84.124008,Asia,112000.0,188.73,5.6,0.91,12.4,186.0,0.36,83.8,20.7,41.8,1.41
122,Netherlands,508.0,NL,53.3,41543.0,9.7,31.0,Amsterdam,170780.0,Unknown,1.59,11.2,909070395161.0,104.2,3.3,Amsterdam,81.8,Dutch,12.3,3.61,17332850.0,15924729.0,52.132633,5.291266,Europe,41000.0,115.91,2.6,1.68,85.0,5.0,10.29,63.6,23.0,41.2,3.2
123,New Zealand,18.0,NZ,40.5,268838.0,11.98,64.0,Wellington,34382.0,NZD,1.71,38.6,206928765544.0,100.0,4.7,Auckland,81.9,English,12.6,3.59,4841000.0,4258860.0,-40.900557,174.885971,Oceania,9000.0,114.24,1.6,1.4,82.0,9.0,11.49,69.9,29.0,34.6,4.07
124,Nicaragua,55.0,NI,42.1,130370.0,20.64,505.0,Managua,5592.0,NIO,2.4,25.9,12520915291.0,120.6,15.7,Managua,74.3,Spanish,36.0,0.98,6545502.0,3846137.0,12.865416,-85.207229,North America,12000.0,162.74,5.4,0.91,17.4,98.0,0.54,66.4,15.6,60.6,6.84
125,Niger,19.0,NE,36.1,1267000.0,46.08,227.0,Niamey,2017.0,XOF,6.91,0.9,12928145120.0,74.7,48.0,Niamey,62.0,French,52.3,0.04,23310715.0,3850231.0,17.607789,8.081666,Africa,10000.0,109.32,-2.5,0.88,4.4,509.0,0.29,72.0,11.8,47.2,0.47
126,Nigeria,226.0,NG,77.7,923768.0,37.91,234.0,Abuja,120369.0,NGN,5.39,7.2,448120428859.0,84.7,75.7,Lagos,54.3,English,72.2,0.38,200963599.0,102806948.0,9.081999,8.675277,Africa,215000.0,267.51,11.4,0.46,10.2,917.0,0.54,52.9,1.5,34.8,8.1
127,North Korea,214.0,KP,21.8,120538.0,13.89,850.0,Pyongyang,28284.0,KPW,1.9,40.7,32100000000.0,112.8,13.7,Pyongyang,72.1,Korean,30.7,3.67,25666161.0,15947412.0,40.339852,127.510093,Asia,1469000.0,114.30199999999999,1.56,0.58,27.0,89.0,4.462,80.4,22.46,42.540000000000006,2.74
128,North Macedonia,83.0,Unknown,39.6,25713.0,17.95,389.0,Skopje,12303.0,MKD,2.245,32.0,10220781069.0,102.55,14.0,Skopje,73.2,Macedonian,35.6,1.46,1836713.0,4678103.5,41.608635,21.745275,Europe,159274.85380116958,190.46095505617978,6.722346368715083,1.002457142857143,37.96338797814208,160.39226519337018,2.1941333333333333,62.73806818181818,16.57396449704142,40.822404371584696,6.886363636363637
129,Norway,15.0,NO,2.7,323802.0,10.4,47.0,Oslo,41023.0,NOK,1.56,33.2,403336363636.0,100.3,2.1,Oslo,82.8,Norwegian,14.3,2.92,5347896.0,4418218.0,60.472024,8.468946,Europe,23000.0,120.27,2.2,1.78,82.0,2.0,5.536,63.8,23.9,36.2,3.35
130,Oman,16.0,OM,4.6,309500.0,19.19,968.0,Muscat,63457.0,OMR,2.89,0.0,76983094928.0,103.4,9.8,Seeb,77.6,Arabic,6.4,2.0,5266535.0,4250777.0,21.4735329,55.975413,Asia,47000.0,113.53,0.1,0.45,38.0,19.0,4.33,72.4,2.5,27.4,2.67
131,Pakistan,287.0,PK,47.8,796095.0,28.25,92.0,Islamabad,201150.0,PKR,3.51,1.9,304400000000.0,94.3,57.2,Karachi,67.1,Urdu,66.5,0.98,216565318.0,79927762.0,30.375321,69.345116,Asia,936000.0,182.32,10.6,0.79,9.0,140.0,0.69,52.6,9.2,33.9,4.45
132,Palau,39.0,PW,10.9,459.0,14.0,680.0,Ngerulmud,224.0,USD,2.21,87.6,283994900.0,112.6,16.6,Koror,69.1,English,21.8,1.18,18233.0,14491.0,7.51498,134.58252,Oceania,687000.0,118.17,1.3,1.4979999999999998,54.7,20.4,3.0,57.67999999999999,21.3,76.6,7.226000000000001
133,Palestinian National Authority,847.0,Unknown,39.6,119511.0,17.95,255.5,Unknown,12303.0,Unknown,2.245,32.0,34387229486.0,102.55,14.0,Unknown,73.2,Arabic,30.7,1.46,8826588.0,4678103.5,31.952162,35.233154,Asia,159274.85380116958,190.46095505617978,6.722346368715083,1.002457142857143,37.96338797814208,160.39226519337018,2.1941333333333333,62.73806818181818,16.57396449704142,40.822404371584696,6.886363636363637
134,Panama,58.0,PA,30.4,75420.0,18.98,507.0,Panama City,10715.0,Unknown,2.46,61.9,66800800000.0,94.4,13.1,Panama City,78.3,Spanish,30.5,1.57,4246439.0,2890084.0,8.537981,-80.782127,North America,26000.0,122.07,-0.4,0.74,47.8,52.0,1.53,66.6,22.6,37.2,3.9
135,Papua New Guinea,20.0,PG,2.6,462840.0,27.07,675.0,Port Moresby,7536.0,PGK,3.56,74.1,24969611435.0,108.5,38.0,Port Moresby,64.3,Tok Pisin,5.8,0.07,8776109.0,1162834.0,-6.314993,143.95555,Oceania,4000.0,155.99,3.6,1.36,1.8,145.0,1.16,47.2,13.6,37.1,2.46
136,Paraguay,18.0,PY,55.1,406752.0,20.57,595.0,Asunci��,7407.0,PYG,2.43,37.7,38145288940.0,104.4,17.2,Ciudad del Este,74.1,Spanish,36.5,1.35,7044636.0,4359150.0,-23.442503,-58.443832,South America,27000.0,143.82,2.8,1.04,34.6,129.0,1.55,72.1,10.0,35.0,4.81
137,Peru,26.0,PE,18.5,1285216.0,17.95,51.0,Lima,57414.0,PEN,2.25,57.7,226848050820.0,106.9,11.1,Lima,76.5,Spanish,30.9,1.27,32510453.0,25390339.0,-9.189967,-75.015152,South America,158000.0,129.78,2.1,0.99,70.7,88.0,1.28,77.6,14.3,36.8,3.31
138,Philippines,368.0,PH,41.7,300000.0,20.55,63.0,Manila,122287.0,PHP,2.58,27.8,376795508680.0,107.5,22.5,Manila,71.1,English,53.5,0.6,108116615.0,50975903.0,12.879721,121.774017,Asia,153000.0,129.61,2.5,0.86,35.5,121.0,1.12,59.6,14.0,43.1,2.15
139,Poland,124.0,PL,46.9,312685.0,10.2,48.0,Warsaw,299037.0,PLN,1.46,30.9,592164400688.0,100.0,3.8,Warsaw,77.6,Polish,23.2,2.38,37970874.0,22796574.0,51.919438,19.145136,Europe,191000.0,114.11,2.2,1.07,67.8,2.0,2.93,56.7,17.4,40.8,3.47
140,Portugal,111.0,PT,39.5,92212.0,8.5,351.0,Lisbon,48742.0,EUR,1.38,34.6,237686075635.0,106.2,3.1,Lisbon,81.3,Portuguese,27.7,5.12,10269417.0,6753579.0,39.399872,-8.224454,Europe,52000.0,110.62,0.3,1.54,63.9,8.0,3.78,58.8,22.8,39.8,6.33
141,Qatar,248.0,QA,5.8,11586.0,9.54,974.0,Doha,103259.0,QAR,1.87,0.0,183466208791.0,103.8,5.8,Doha,80.1,Arabic,6.2,2.49,2832067.0,2809071.0,25.354826,51.183884,Asia,22000.0,115.38,-0.7,0.4,17.9,9.0,4.434,86.8,14.7,11.3,0.09
142,Romania,84.0,RO,58.8,238391.0,9.6,40.0,Bucharest,69259.0,RON,1.71,30.1,250077444017.0,85.2,6.1,Bucharest,75.4,Romanian,21.3,2.98,19356544.0,10468793.0,45.943161,24.96676,Europe,126000.0,123.78,3.8,1.16,49.4,19.0,2.25,54.7,14.6,20.0,3.98
143,Russia,9.0,RU,13.3,17098240.0,11.5,7.0,Moscow,1732027.0,RUB,1.57,49.8,1699876578871.0,102.6,6.1,Moscow,72.7,Russian,36.4,4.01,144373535.0,107683889.0,61.52401,105.318756,Europe,1454000.0,180.75,4.5,0.59,81.9,17.0,0.53,61.8,11.4,46.2,4.59
144,Rwanda,525.0,RW,73.4,26338.0,31.7,250.0,Kigali,1115.0,RWF,4.04,19.7,10122472590.0,133.0,27.0,Kigali,68.7,Swahili,26.0,0.13,12626950.0,2186104.0,-1.940278,29.873888,Africa,35000.0,151.09,3.4,1.17,6.7,248.0,4.966,83.7,14.3,33.2,1.03
145,Saint Kitts and Nevis,205.0,KN,23.1,261.0,12.6,1.0,Basseterre,238.0,XCD,2.11,42.3,1050992593.0,108.7,9.8,Basseterre,71.3,English,56.6,2.52,52823.0,16269.0,17.357822,-62.782998,North America,87600.0,104.57,-1.0,1.25,86.7,3.8,3.33,61.0,18.5,49.7,6.601999999999999
146,Saint Lucia,301.0,LC,17.4,616.0,12.0,1.0,Castries,414.0,XCD,1.44,33.2,2122450630.0,102.6,14.9,Castries,76.1,English,48.4,0.64,182790.0,34280.0,13.909444,-60.978893,North America,86600.0,110.13,1.9,1.3,14.1,117.0,4.2700000000000005,67.1,18.2,34.7,20.71
147,Saint Vincent and the Grenadines,284.0,VC,25.6,389.0,14.24,1.0,Kingstown,220.0,XCD,1.89,69.2,825385185.0,113.4,14.8,Calliaqua,72.4,English,21.4,0.66,100455.0,58185.0,12.984305,-61.287228,North America,59000.0,109.67,2.3,1.214,23.7,68.0,1.16,65.9,25.4,37.0,18.88
148,Samoa,70.0,WS,12.4,2831.0,24.38,685.0,Apia,246.0,WST,3.88,60.4,850655017.0,110.5,13.6,Apia,73.2,Samoan,11.5,0.34,202506.0,35588.0,-13.759029,-172.104629,Oceania,40400.0,117.56,1.0,0.91,7.6,43.0,0.78,43.7,25.5,19.3,8.36
149,San Marino,566.0,SM,16.7,61.0,6.8,378.0,City of San Marino,12303.0,EUR,1.26,0.0,1637931034.0,108.1,1.7,City of San Marino,85.4,Italian,18.3,6.11,33860.0,32969.0,43.94236,12.457777,Europe,191000.0,110.63,1.0,0.876,42.5,43.6,0.8280000000000001,57.92,18.1,36.2,3.768
150,S�����������,228.0,ST,50.7,964.0,31.54,239.0,S����,121.0,STN,4.32,55.8,429016605.0,106.8,24.4,S����,70.2,English,11.7,0.05,215056.0,158277.0,17.273849499999997,20.9726515,Asia,1000.0,185.09,7.9,1.3419999999999999,13.4,130.0,1.9780000000000002,57.8,14.6,37.0,13.37
151,Saudi Arabia,16.0,SA,80.8,2149690.0,17.8,966.0,Riyadh,563449.0,SAR,2.32,0.5,792966838162.0,99.8,6.0,Riyadh,75.0,Arabic,15.0,2.61,34268528.0,28807838.0,23.885942,45.079162,Asia,252000.0,118.4,-1.2,0.24,68.0,17.0,3.85,55.9,8.9,15.7,5.93
152,Senegal,87.0,SN,46.1,196722.0,34.52,221.0,Dakar,10902.0,XOF,4.63,42.8,23578084052.0,81.0,31.8,Pikine,67.7,French,44.2,0.07,16296364.0,7765706.0,14.497401,-14.452362,Africa,19000.0,109.25,1.8,1.14,12.8,315.0,0.31,45.7,16.3,44.8,6.6
153,Serbia,100.0,RS,39.3,77474.0,9.2,381.0,Belgrade,45221.0,RSD,1.49,31.1,51409167351.0,100.3,4.8,Belgrade,75.5,Serbian,40.6,3.11,6944975.0,3907243.0,44.016521,21.005859,Europe,32000.0,144.0,1.8,1.16,67.2,12.0,1.57,54.9,18.6,36.6,12.69
154,Seychelles,214.0,SC,3.4,455.0,17.1,248.0,"Victoria, Seychelles",605.0,SCR,2.41,88.4,1698843063.0,100.4,12.4,"Victoria, Seychelles",72.8,French,2.5,0.95,97625.0,55762.0,-4.679574,55.491977,Africa,0.0,129.96,1.8,1.344,17.1,53.0,2.0,57.8,34.1,30.1,10.262
155,Sierra Leone,111.0,SL,54.7,71740.0,33.41,232.0,Freetown,1093.0,SLL,4.26,43.1,3941474311.0,112.8,78.5,Freetown,54.3,English,38.2,0.03,7813215.0,3319366.0,8.460555,-11.779889,Africa,9000.0,234.16,14.8,1.08,2.0,1120.0,0.57,57.9,8.6,30.7,4.43
156,Singapore,8358.0,SG,0.9,716.0,8.8,65.0,Unknown,37535.0,SGD,1.14,23.1,372062527489.0,100.6,2.3,Unknown,83.1,Malay,36.7,2.29,5703569.0,5703569.0,1.352083,103.819836,Asia,81000.0,114.41,0.6,1.25,84.8,8.0,5.0920000000000005,70.5,13.1,21.0,4.11
157,Slovakia,114.0,SK,39.2,49035.0,10.6,421.0,Bratislava,32424.0,EUR,1.52,40.4,105422304976.0,98.7,4.6,Bratislava,77.2,Slovak,18.4,3.42,5454073.0,2930419.0,48.669026,19.699024,Europe,16000.0,115.34,2.7,1.32,46.6,5.0,3.11,59.5,18.7,49.7,5.56
158,Slovenia,103.0,SI,30.7,20273.0,9.4,386.0,Ljubljana,12633.0,EUR,1.6,62.0,53742159517.0,100.4,1.7,Ljubljana,81.0,Slovene language,12.5,3.09,2087946.0,1144654.0,46.151241,14.995463,Europe,7000.0,111.05,1.6,1.32,78.6,7.0,5.25,58.4,18.6,31.0,4.2
159,Solomon Islands,25.0,SB,3.9,28896.0,32.44,677.0,Honiara,169.0,SBD,4.4,77.9,1425074226.0,106.2,17.1,Honiara,72.8,English,3.3,0.19,669823.0,162164.0,-9.64571,160.156194,Oceania,378800.0,133.06,1.6,1.122,43.00000000000001,104.0,0.4,83.8,29.5,32.0,0.58
160,Somalia,25.0,SO,70.3,637657.0,41.75,252.0,Mogadishu,645.0,SOS,6.07,10.0,4720727278.0,23.4,76.6,Bosaso,57.1,Arabic,30.7,0.02,15442905.0,7034861.0,5.152149,46.199616,Africa,20000.0,108.172,-0.4,1.41,2.5,829.0,4.966,47.4,0.0,46.58,11.35
161,South Africa,49.0,ZA,79.8,1219090.0,20.51,27.0,Pretoria,476644.0,ZAR,2.41,7.6,351431649241.0,100.9,28.5,Johannesburg,63.9,Afrikaans,7.7,0.91,58558270.0,39149717.0,-30.559482,22.937506,Africa,80000.0,158.93,4.1,0.92,22.4,119.0,4.462,56.0,27.5,29.2,28.18
162,South Korea,527.0,KR,17.4,99720.0,6.4,82.0,Seoul,620302.0,KRW,0.98,63.4,2029000000000.0,98.1,2.7,Seoul,82.6,Korean,36.8,2.36,51709098.0,42106719.0,35.907757,127.766922,Asia,634000.0,115.16,0.4,1.22,94.3,11.0,6.49,63.0,15.6,33.2,4.15
163,South Sudan,18.0,SS,39.6,644329.0,35.01,211.0,Juba,1727.0,SSP,4.7,32.0,11997800751.0,73.0,63.7,Juba,57.6,English,61.3,1.46,11062113.0,2201250.0,6.8769919,31.3069788,Africa,185000.0,4583.71,187.9,0.28,17.139999999999997,1150.0,4.538,72.4,21.759999999999998,31.4,12.24
164,Spain,94.0,ES,52.6,505370.0,7.9,34.0,Madrid,244002.0,EUR,1.26,36.9,1394116310769.0,102.7,2.5,Madrid,83.3,Spanish,24.2,3.87,47076781.0,37927409.0,40.463667,-3.74922,Europe,196000.0,110.96,0.7,1.26,88.9,4.0,5.6,57.5,14.2,47.0,13.96
165,Sri Lanka,341.0,LK,43.7,65610.0,15.83,94.0,Colombo,23362.0,LKR,2.2,32.9,84008783756.0,100.2,6.4,Colombo,76.8,Tamil,38.4,1.0,21803000.0,4052088.0,7.873054,80.771797,Asia,317000.0,155.53,3.5,0.88,19.6,36.0,0.35,53.9,11.9,55.2,4.2
166,Sudan,25.0,SD,28.7,1861484.0,32.18,249.0,Khartoum,20000.0,SDG,4.41,8.1,18902284476.0,76.8,42.1,Omdurman,65.1,Arabic,63.2,0.26,42813238.0,14957233.0,12.862807,30.217636,Africa,124000.0,1344.19,51.0,0.95,16.9,295.0,0.41,48.4,8.0,45.4,16.53
167,Suriname,4.0,SR,0.6,163820.0,18.54,597.0,Paramaribo,1738.0,SRD,2.42,98.3,3985250737.0,108.8,16.9,Paramaribo,71.6,Dutch,10.1,1.21,581372.0,384258.0,3.919305,-56.027783,South America,2000.0,294.66,22.0,1.29,12.6,120.0,4.502,51.1,19.5,27.9,7.33
168,Sweden,25.0,SE,7.4,450295.0,11.4,46.0,Stockholm,43252.0,SEK,1.76,68.9,530832908738.0,126.6,2.2,S�����,82.5,Swedish,15.2,3.98,10285453.0,9021165.0,60.128161,18.643501,Asia,30000.0,110.51,1.8,1.42,67.0,4.0,5.336,64.6,27.9,49.1,6.48
169,Switzerland,219.0,CH,38.4,41277.0,10.0,41.0,Bern,34477.0,CHF,1.52,31.8,703082435360.0,105.2,3.7,Z���,83.6,German,28.3,4.3,8574832.0,6332428.0,46.818188,8.227512,Asia,21000.0,99.55,0.4,1.45,59.6,5.0,5.232,68.3,10.1,28.8,4.58
170,Syria,95.0,SY,75.8,185180.0,23.69,963.0,Damascus,28830.0,SYP,2.81,2.7,40405006007.0,81.7,14.0,Damascus,71.8,Arabic,53.7,1.22,17070135.0,9358019.0,34.802075,38.996815,Asia,239000.0,143.2,36.7,0.83,40.1,31.0,1.02,44.1,14.2,42.7,8.37
171,Tajikistan,68.0,TJ,34.1,144100.0,30.76,992.0,Dushanbe,5310.0,TJS,3.59,3.0,8116626794.0,100.9,30.4,Dushanbe,70.9,Persian,63.1,1.7,9321018.0,2545477.0,38.861034,71.276093,Asia,17000.0,148.57,6.0,0.71,31.3,17.0,0.23,42.0,9.8,67.3,11.02
172,Tanzania,67.0,TZ,44.8,947300.0,36.7,255.0,Dodoma,11973.0,TZS,4.89,51.6,63177068175.0,94.2,37.6,Dar es Salaam,65.0,Swahili,26.1,0.01,58005463.0,20011885.0,-6.369028,34.888822,Asia,28000.0,187.43,3.5,0.87,4.0,524.0,0.09,83.4,11.5,43.8,1.98
173,Thailand,137.0,TH,43.3,513120.0,10.34,66.0,Bangkok,283763.0,THB,1.53,32.2,543649976166.0,99.8,7.8,Bangkok,76.9,Thai,11.8,0.81,69625582.0,35294600.0,15.870032,100.992541,Asia,455000.0,113.27,0.7,0.71,49.3,37.0,1.06,67.3,14.9,29.5,0.75
174,East Timor,89.0,TL,25.6,14874.0,29.42,670.0,Dili,495.0,USD,4.02,45.4,1673540300.0,115.3,39.3,Dili,69.3,Portuguese,10.2,0.72,3500000.0,400182.0,-8.874217,125.727539,Asia,2000.0,145.38,2.6,1.1,17.8,142.0,0.6,67.3,25.0,17.3,4.55
175,Togo,152.0,TG,70.2,56785.0,33.11,228.0,Lom�,3000.0,XOF,4.32,3.1,5459979417.0,123.8,47.4,Lom�,60.8,French,51.0,0.08,8082366.0,3414638.0,8.619543,0.824782,Asia,10000.0,113.3,0.7,0.71,14.5,396.0,0.34,77.6,16.9,48.2,2.04
176,Tonga,147.0,TO,45.8,747.0,24.3,676.0,Nuku����,128.0,TOP,3.56,12.5,450353314.0,116.3,13.4,Nuku����,70.8,Tongan Language,10.2,0.52,100209.0,24145.0,-21.178986,-175.198242,Asia,9600.0,121.09,7.4,0.9,6.4,52.0,1.244,59.8,22.3,27.5,1.12
177,Trinidad and Tobago,273.0,TT,10.5,5128.0,12.94,1.0,Port of Spain,43868.0,TTD,1.73,46.0,24100202834.0,106.2,16.4,Chaguanas,73.4,English,37.3,4.17,1394973.0,741944.0,10.691803,-61.222503,Asia,4000.0,141.75,1.0,0.54,12.0,67.0,2.25,60.0,19.5,40.5,2.69
178,Tunisia,76.0,TN,64.8,163610.0,17.56,216.0,Tunis,29937.0,TND,2.2,6.8,38797709924.0,115.4,14.6,Tunis,76.5,Arabic,39.8,1.3,11694719.0,8099061.0,33.886917,9.537499,Asia,48000.0,155.33,6.7,0.73,31.7,43.0,0.47,46.1,21.1,60.7,16.02
179,Turkey,110.0,TR,49.8,783562.0,16.03,90.0,Ankara,372725.0,TRY,2.07,15.4,754411708203.0,93.2,9.1,Istanbul,77.4,Turkish,16.9,1.85,83429615.0,63097818.0,38.963745,35.243322,Asia,512000.0,234.44,15.2,1.42,23.9,17.0,3.45,52.8,17.9,42.3,13.49
180,Turkmenistan,13.0,TM,72.0,488100.0,23.83,993.0,Ashgabat,70630.0,TMT,2.79,8.8,40761142857.0,88.4,39.3,Ashgabat,68.1,Turkmen,71.1,2.22,5942089.0,3092738.0,38.969719,59.556278,Asia,42000.0,114.176,2.46,0.29,8.0,7.0,0.88,64.5,21.16,35.160000000000004,3.91
181,Tuvalu,393.0,TV,60.0,26.0,17.95,688.0,Funafuti,11.0,AUD,2.245,33.3,47271463.0,86.0,20.6,Singapore,73.2,Tuvaluan Language,0.7,0.92,11646.0,7362.0,-7.109535,177.64933,Asia,159274.85380116958,190.46095505617978,6.722346368715083,1.002457142857143,37.96338797814208,160.39226519337018,2.1941333333333333,62.73806818181818,16.57396449704142,40.822404371584696,6.886363636363637
182,Uganda,229.0,UG,71.9,241038.0,38.14,256.0,Kampala,5680.0,UGX,4.96,9.7,34387229486.0,102.7,33.8,Buganda,63.0,Swahili,40.5,0.17,44269594.0,10784516.0,1.373333,32.290275,Asia,46000.0,173.87,2.9,0.94,4.8,375.0,0.01,70.3,11.7,33.7,1.84
183,Ukraine,75.0,UA,71.7,603550.0,8.7,380.0,Kyiv,202250.0,UAH,1.3,16.7,153781069118.0,99.0,7.5,Kyiv,71.6,Ukrainian,47.8,2.99,44385155.0,30835699.0,48.379433,31.16558,Asia,297000.0,281.66,7.9,0.83,82.7,19.0,0.84,54.2,20.1,45.2,8.88
184,United Arab Emirates,118.0,AE,5.5,83600.0,10.33,971.0,Abu Dhabi,206324.0,AED,1.41,4.6,421142267938.0,108.4,6.5,Dubai,77.8,Arabic,17.8,2.53,9770529.0,8479744.0,23.424076,53.847818,Asia,63000.0,114.52,-1.9,0.49,36.8,3.0,4.434,82.1,0.1,15.9,2.35
185,United Kingdom,281.0,GB,71.7,243610.0,11.0,44.0,London,379025.0,GBP,1.68,13.1,2827113184696.0,101.2,3.6,London,81.3,English,14.8,2.81,66834405.0,55908316.0,55.378051,-3.435973,Asia,148000.0,119.62,1.7,1.46,60.0,7.0,10.13,62.8,25.5,30.6,3.85
186,United States,36.0,US,44.4,9833517.0,11.6,1.0,"Washington, D.C.",5006302.0,USD,1.73,33.9,21427700000000.0,101.8,5.6,New York City,78.5,English,11.1,2.61,328239523.0,270663028.0,37.09024,-95.712891,Asia,1359000.0,117.24,7.5,0.71,88.2,19.0,7.25,62.0,9.6,36.6,14.7
187,Uruguay,20.0,UY,82.6,176215.0,13.86,598.0,Montevideo,6766.0,UYU,1.97,10.7,56045912952.0,108.5,6.4,Montevideo,77.8,Spanish,16.2,5.05,3461734.0,3303394.0,-32.522779,-55.765835,Asia,22000.0,202.92,7.9,1.5,63.1,17.0,1.66,64.0,20.1,41.8,8.73
188,Uzbekistan,79.0,UZ,62.9,447400.0,23.3,998.0,Tashkent,91811.0,UZS,2.42,7.5,57921286440.0,104.2,19.1,Tashkent,71.6,Uzbek,42.7,2.37,33580650.0,16935729.0,41.377491,64.585262,Asia,68000.0,113.86399999999999,2.9,1.03,10.1,29.0,0.24,65.1,14.8,31.6,5.92
189,Vanuatu,25.0,VU,15.3,12189.0,29.6,678.0,Port Vila,147.0,VUV,3.78,36.1,917058851.0,109.3,22.3,Port Vila,70.3,French,8.9,0.17,299882.0,76152.0,-15.376706,166.959158,Asia,336800.0,117.13,2.8,1.31,4.7,72.0,1.56,69.9,17.8,8.5,4.39
190,Venezuela,32.0,VE,24.5,912050.0,17.88,58.0,Caracas,164175.0,VED,2.27,52.7,482359318768.0,97.2,21.4,Caracas,72.1,Spanish,45.8,1.92,28515829.0,25162368.0,6.42375,-66.58973,Asia,343000.0,2740.27,254.9,0.0,79.3,125.0,0.01,59.7,20.939999999999998,73.3,8.8
191,Vietnam,314.0,VN,39.3,331210.0,16.75,84.0,Hanoi,192668.0,VND,2.05,48.1,261921244843.0,110.6,16.5,Ho Chi Minh City,75.3,Vietnamese,43.5,0.82,96462106.0,35332140.0,14.058324,108.277199,Asia,522000.0,163.52,2.8,0.8,28.5,43.0,0.73,77.4,19.1,37.6,2.01
192,Yemen,56.0,YE,44.6,527968.0,30.45,967.0,Sanaa,10609.0,YER,3.79,1.0,26914402224.0,93.6,42.9,Sanaa,66.1,Arabic,81.0,0.31,29161922.0,10869523.0,15.552727,48.516388,Asia,40000.0,157.58,8.1,0.92,10.2,164.0,4.446,38.0,21.14,26.6,12.91
193,Zambia,25.0,ZM,32.1,752618.0,36.19,260.0,Lusaka,5141.0,ZMW,4.63,65.2,23064722446.0,98.7,40.4,Lusaka,63.5,English,27.5,1.19,17861030.0,7871713.0,-13.133897,27.849332,Asia,16000.0,212.31,9.2,1.4,4.1,213.0,0.24,74.6,16.2,15.6,11.43
194,Zimbabwe,38.0,ZW,41.9,390757.0,30.68,263.0,Harare,10983.0,Unknown,3.62,35.5,21440758800.0,109.9,33.9,Harare,61.2,Shona,25.8,0.21,14645468.0,4717305.0,-19.015438,29.154857,Asia,51000.0,105.51,0.9,1.34,10.0,458.0,4.966,83.1,20.7,31.6,4.95
